id,Photo ID,Team Member,Timestamp,Site Name,ODF No,Work Category,Snap Type,Photo File,Notes
1,1,,,,,,,,
2,2,,,,,,,,
3,3,Sunil,,,,,,,
4,4,Sunil,,,,Site Survey,,,
5,5,Sunil,,,,Site Survey,Site Entrance,,
6,6,Sunil,,,RYA07,Site Survey,Site Entrance,,
7,7,Sunil,,Kurud Road,RYA07,Site Survey,Site Entrance,,Here
8,8,,,,,,,,
9,9,Shahil,09/09/2025,Test,Rdf01,Hshsh,Daily Progress,"IMG_20250905_185749_552.jpg (https://baserow.arisegulf.com/media/user_files/bbVPGk1ScTZTRF7yWUn1fU8MQXopoT8n_e405f18d04797aee527b727f6d89fa29436ed5ab8e1b9114addfba96e7489383.jpg),IMG_20250905_190215_396.jpg (https://baserow.arisegulf.com/media/user_files/qqluENY4JONdX5mJfl4DRQlKQSyujyQR_aaf9aac381837397a808cb26069c41404692f9c96548458f65fc848f63ce4991.jpg)",gEst
